pop,ind,lat,long,dbh,age,MO1,MO6,MO10,MO55,MO61,MO41,MO45,MO46,MO56,MO8,MO12,MO13,MO68
WM,S1T1,572183,3148446,53.5,149,136/136,508/510,270/270,110/122,302/302,143/143,208/212,418/426,335/335,165/165,266/266,328/336,235/245
WM,S1T3,572147,3148491,24.9,71,136/136,506/506,270/270,110/110,298/302,143/143,210/212,422/426,333/335,165/165,266/266,328/336,255/267
WM,S1T4,572170,3148601,17.2,46,136/136,506/508,270/270,110/110,302/302,143/143,210/210,418/426,335/335,165/165,256/266,328/328,249/267
WM,S1T5,572171,3148604,29,83,136/136,506/506,270/270,110/118,302/302,143/143,210/210,418/426,335/345,161/165,268/268,328/328,249/267
WM,S1T6,572180,3148621,41.6,117,136/136,510/510,270/270,110/110,298/302,143/143,208/210,418/422,333/335,165/165,268/268,328/336,267/267
WM,S1T7,572180,3148621,41.6,117,136/136,506/506,270/270,110/110,302/302,143/143,208/210,418/422,333/335,165/165,268/268,328/336,267/267
WM,S1T8,572222,3148686,58.2,153,136/136,510/510,270/270,110/110,298/302,143/143,210/210,418/422,333/335,165/165,258/266,328/336,267/267
WM,S1T9,572224,3148667,52.8,147,136/136,506/510,270/270,110/110,298/302,143/143,210/210,422/426,335/341,165/165,268/268,328/336,245/267
WM,S1T10,572219,3148668,33.1,92,136/136,506/510,266/266,118/122,298/302,143/143,210/210,422/426,335/335,165/165,268/268,328/328,245/267
WM,S1T11,572146,3148703,69.6,189,136/136,506/506,270/270,118/122,298/302,143/143,210/212,422/426,335/337,165/165,266/266,328/346,255/271
WM,S2T2,572590,3148475,48,139,136/136,506/508,270/270,104/110,298/302,143/143,210/212,418/428,333/333,165/165,256/256,328/328,245/255
WM,S2T4,572772,3148500,20,54,136/136,506/506,270/270,110/122,298/302,143/143,208/210,418/428,335/345,165/165,256/256,334/346,251/267
WM,S2T5,572772,3148605,49.8,110,136/136,506/508,270/270,110/122,298/302,143/143,208/208,414/418,335/335,161/165,268/268,328/336,267/267
WM,S2T6,572777,3148603,45.1,120,136/136,508/510,270/270,110/110,298/302,143/143,208/212,418/428,335/335,163/165,268/268,328/334,251/267
WM,S2T7,572785,3148602,47.1,126,136/136,506/506,270/270,98/122,302/302,143/143,208/208,418/418,335/335,165/165,264/264,334/346,249/267
WM,S2T8,572857,3148582,76.7,215,136/136,506/508,270/270,110/112,298/298,143/143,208/208,428/428,335/335,149/165,256/256,328/334,245/255
WM,S3T1,573430,3148543,90.6,250,136/136,506/508,270/270,110/110,298/302,143/143,210/212,418/428,333/333,165/165,256/256,328/328,245/255
WM,S3T2,573443,3148508,125.9,317,136/136,508/508,270/270,112/112,302/302,143/143,196/208,422/428,333/345,165/165,250/256,336/346,251/261
WM,S3T3 ,573441,3148507,18.5,52,136/136,506/510,270/270,110/120,298/302,143/143,198/208,428/428,335/335,149/165,256/264,328/328,245/249
WM,S3T8,573471,3148623,42.3,110,136/136,506/506,270/270,110/122,298/298,143/143,208/212,426/428,335/345,149/165,268/268,334/334,245/255
WM,S4T1,573998,3148967,14.6,41,136/136,506/508,270/270,110/122,298/302,143/143,208/208,418/428,335/335,165/165,268/268,328/328,249/267
WM,S4T2,573975,3148895,21.8,63,136/136,506/508,270/270,110/122,298/302,143/143,208/208,418/428,335/357,149/165,268/268,328/336,251/267
WM,S4T3,573958,3148878,17.2,50,136/136,506/506,270/270,110/110,298/302,143/143,208/208,418/428,335/353,149/165,250/268,328/336,251/267
WM,S4T4,573925,3148857,49.7,142,136/136,508/508,270/270,110/122,298/302,143/143,196/208,428/428,335/345,149/165,268/268,334/344,245/255
WM,S4T7,573803,3148800,18.8,55,136/136,506/506,270/286,110/110,298/302,143/143,196/210,426/428,333/345,165/165,256/268,334/336,245/267
WM,S4T8,573690,3148769,23.6,64,136/136,506/506,270/286,110/118,298/302,143/143,208/208,418/428,335/345,163/165,268/268,334/336,251/267
WM,S5T3,574186,3149102,41.2,107,136/136,506/506,270/270,110/118,298/298,143/143,198/208,426/428,335/335,165/165,264/264,328/334,245/267
WM,S5T4,574164,3149087,19.4,52,136/136,506/510,270/270,110/122,302/302,143/143,208/212,418/426,335/345,165/165,256/266,328/336,251/267
WM,S5T6,574123,3149044,26.3,72,136/136,506/508,270/270,110/110,298/302,143/143,208/208,428/428,335/335,149/149,268/268,328/334,245/267
WM,S5T7,574123,3149006,31.5,88,136/136,506/508,270/270,110/122,298/302,143/143,208/212,418/428,333/335,163/165,268/268,328/334,245/249
WM,S6T1,574277,3149178,75.5,199,136/136,506/508,270/270,110/132,302/302,143/143,208/212,422/426,333/345,165/165,268/268,328/334,251/267
WM,S6T2,574273,3149182,114,290,136/136,506/506,270/270,110/110,298/298,143/143,208/212,420/428,333/333,165/165,268/268,334/334,249/251
WM,S6T4,574283,3149180,19.3,57,136/136,506/506,270/270,110/110,298/298,143/143,210/212,422/428,333/333,163/165,256/266,328/334,251/267
WM,S6T5,574305,3149180,36.9,101,136/136,506/506,270/270,110/110,298/302,143/143,208/212,422/428,333/335,165/165,256/262,334/336,245/251
WM,S7T1,574651,3149518,92.1,241,136/136,506/510,270/270,110/110,298/302,143/143,208/208,428/428,335/335,165/165,268/268,336/346,267/267
WM,S7T2,574664,3149521,74.1,192,136/136,506/506,270/270,110/122,302/302,143/143,212/212,414/420,335/335,165/165,256/256,328/334,245/267
WM,S7T3,574527,3149423,32.6,91,136/136,506/506,270/270,112/122,302/302,143/143,210/212,422/426,335/335,149/165,256/266,328/328,249/251
WM,S8T2,573506,3148892,77.2,208,136/136,506/508,270/270,110/122,302/302,143/143,208/210,428/428,333/335,165/165,264/264,328/328,245/251
WM,S8T3,573727,3148987,34.2,87,136/136,506/508,270/270,110/110,298/298,143/143,210/212,428/428,335/345,149/165,268/268,328/334,251/267
WM,S8T4,573731,3148985,2.2,57,136/136,506/508,270/270,110/110,298/298,143/143,210/212,428/428,333/345,149/165,268/268,328/334,251/267
WM,S8T5_N,573719,3148985,1.3,3,136/136,506/508,270/270,110/110,298/298,143/143,210/212,428/428,335/345,149/165,268/268,328/334,251/267
WM,S8T6,573741,3149029,21.3,59,136/136,508/510,270/270,110/110,298/298,143/143,208/210,414/428,335/335,149/149,256/266,328/336,251/267
WM,S8T7,573745,3149025,15.3,43,136/136,506/506,270/270,110/110,298/302,143/143,208/212,426/428,335/335,165/165,258/258,336/346,245/267
WM,S8T8,573754,3149035,76.8,199,136/136,506/508,270/270,110/120,302/302,143/143,210/212,426/428,335/345,165/165,268/268,336/346,245/267
WM,S8T9,573764,3149036,46.4,125,136/136,506/506,270/270,110/120,298/302,143/143,210/212,426/428,333/335,165/165,268/268,336/346,245/269
WM,S9T1,573820,3149065,70.3,185,136/136,506/508,270/270,110/110,298/298,143/143,208/212,428/428,335/335,149/165,268/268,328/346,245/251
WM,S9T2,573824,3149065,69.3,181,136/136,506/506,270/270,110/122,302/302,143/143,196/208,418/418,333/335,149/165,266/266,328/334,245/249
WM,S10T2,573909,3149174,24.9,69,136/136,508/510,270/270,110/110,298/302,143/143,208/210,418/428,335/335,165/165,268/268,328/328,251/267
WM,S10T3,573907,3149180,29.6,76,136/136,490/508,270/286,110/124,298/302,143/143,208/212,418/428,335/357,149/159,256/268,328/328,267/267
WM,S10T4,573986,3149253,23.1,65,136/136,506/508,270/270,122/122,280/298,143/143,208/210,418/418,335/335,165/165,266/266,328/336,251/255
WM,S10T5,573997,3149256,85.9,220,136/136,506/506,270/286,110/122,298/302,143/143,208/212,426/428,333/335,165/165,268/268,336/346,245/267
WM,S11T1,574062,3149292,32.7,91,136/136,506/506,270/270,110/110,298/298,143/143,208/208,428/428,335/335,163/165,268/268,334/336,267/267
WM,S11T5,574153,3149309,21.1,62,136/136,506/508,270/270,102/110,298/302,143/143,212/212,418/426,333/335,165/165,256/256,328/334,245/245
WM,S12T2,574185,3149384,29.4,81,136/136,488/506,270/270,110/110,298/302,143/143,208/212,426/428,333/335,165/165,264/264,328/334,245/267
WM,S12T3,574187,3149397,14.3,42,136/136,506/508,230/230,110/118,302/302,143/143,208/208,422/426,335/335,165/165,258/266,328/328,267/267
WM,S12T4,574187,3149403,25.1,68,136/136,506/506,270/270,110/110,298/302,143/143,208/208,426/428,333/333,165/165,268/268,328/328,251/267
WM,S12T5,574196,3149411,39.6,106,136/136,506/510,270/270,110/110,298/302,143/143,208/208,426/428,335/335,165/165,268/268,328/334,245/267
WM,S12T9,574226,3149401,90.3,231,136/136,506/506,270/284,98/122,298/302,143/143,208/208,426/428,333/345,165/165,258/266,328/334,251/267
WM,S13T7,574359,3149585,19.5,60,138/138,508/508,270/270,102/110,298/302,143/143,208/210,418/428,335/335,149/165,268/268,334/346,249/267
WM,S14T1,574442,3149625,15.6,45,136/136,506/510,270/270,110/122,298/302,143/143,208/212,426/428,333/335,165/165,266/266,336/336,245/267
WM,S14T2,574449,3149625,30.4,80,136/136,506/506,270/270,110/110,298/302,143/143,208/212,426/428,333/335,165/165,268/268,336/336,245/267
WM,S14T3,574451,3149626,30.6,81,136/136,506/506,270/270,110/110,298/302,143/143,208/212,426/428,333/335,165/165,268/268,336/336,245/267
WM,S14T6,574520,3149669,19.4,52,136/136,506/510,270/270,110/110,302/302,143/143,196/208,414/426,335/351,165/165,268/268,336/336,267/267
WM,S14T9,574545,3149650,13.4,39,136/136,506/506,270/270,110/122,298/298,143/143,196/208,414/428,333/335,165/165,248/256,328/334,245/249
WM,S14T10,574548,3149655,17.2,50,136/136,506/506,270/284,110/110,298/302,143/143,196/212,414/426,333/335,165/165,258/258,328/328,249/267
WM,S14T11,574559,3149653,20.4,55,136/136,508/510,270/270,110/110,298/302,143/143,210/210,418/426,335/345,165/165,256/256,336/336,245/251
WM,S15T1,574592,3149742,35.6,96,136/136,506/510,230/230,110/110,298/302,143/143,198/210,428/428,333/333,165/165,252/266,328/336,245/251
WM,S15T2,574595,3149739,1.5,4,136/136,506/510,270/270,110/110,298/302,143/143,198/212,414/428,333/333,165/165,254/264,334/336,251/267
WM,S15T4,574589,3149728,50.8,132,136/136,506/508,270/270,110/110,302/302,143/143,196/210,418/428,335/343,165/165,250/256,334/336,245/251
WM,S15T5,574594,3149723,43.1,113,136/136,506/506,270/270,98/110,298/302,143/143,208/208,426/428,333/335,165/165,256/256,328/346,245/267
WM,S15T6,574597,3149700,65,169,136/136,506/508,270/270,110/110,302/302,143/143,208/210,418/426,333/335,165/165,256/264,336/336,245/267
WM,S15T7,574604,3149694,22,60,136/136,506/506,270/270,98/110,302/302,143/143,208/208,418/426,333/335,165/165,256/256,328/328,245/267
WM,S15T9,574582,3149692,44.7,117,136/136,506/506,270/270,98/110,298/302,143/143,208/208,426/428,333/335,165/165,256/266,328/334,251/267
WM,S15T10,574582,3149701,104.2,265,136/136,508/508,270/270,110/110,302/302,143/143,196/210,418/426,335/345,165/165,244/256,328/336,245/267
WM,S15T11,574579,3149704,132.9,335,136/136,506/510,270/270,110/122,302/302,143/143,208/210,418/428,335/335,165/165,268/268,328/336,245/275
WM,S15T12,574585,3149692,35.4,96,136/136,506/510,270/270,110/122,298/302,143/143,210/214,414/428,333/333,165/165,256/266,328/336,245/267
WM,S15T13,574592,3149671,37.7,100,136/136,506/510,270/270,98/110,298/298,143/143,196/196,414/428,333/335,165/165,248/256,328/336,245/249
WM,S16T1,574665,3149682,102.1,259,136/136,508/510,270/270,110/110,298/298,143/143,198/208,428/428,335/335,165/165,268/268,334/336,245/255
WM,S16T2,574665,3149674,31.9,83,136/136,506/510,270/270,110/122,298/302,143/143,198/198,414/428,335/335,165/165,266/266,334/336,245/251
WM,S16T3,574753,3149664,68,175,136/136,506/506,270/270,110/122,302/302,143/143,198/212,418/426,335/345,165/165,266/266,328/336,245/275
WM,S16T5,574771,3149677,34.6,92,136/136,506/510,270/270,110/110,298/302,143/143,198/208,418/428,335/345,165/165,268/268,328/346,267/267
WM,S16T6,574777,3149700,78.6,202,136/136,506/506,270/270,110/110,298/302,143/143,198/210,414/428,335/345,165/165,256/256,336/346,249/267
WM,S16T8,574794,3149658,73.9,186,136/136,506/506,270/270,110/110,298/302,143/143,198/208,418/428,335/335,165/165,268/268,328/346,251/267
WM,S16T9,574783,3149601,25.1,66,136/136,506/510,270/270,110/122,302/302,143/143,208/208,414/418,337/337,165/165,256/264,328/346,255/275
WM,S17T4,574935,3149545,19.1,52,136/136,506/506,270/270,122/122,298/302,143/143,198/208,426/428,335/345,165/165,266/266,336/336,245/267
WM,S17T7,574915,3149644,121.5,307,136/136,506/506,270/272,110/110,298/302,143/143,198/208,418/428,335/335,165/165,256/266,328/346,267/267
WM,S17T11,574976,3149616,62.1,161,136/136,506/506,270/276,122/122,298/298,143/143,198/210,414/428,335/345,165/165,256/256,336/346,245/267
WM,S18T1,575005,3149554,54.8,140,136/136,506/506,270/270,122/122,302/302,143/143,196/208,418/426,335/345,161/165,266/266,334/334,267/267
WM,S18T2,575053,3149560,141.1,360,136/136,506/506,270/270,110/110,302/302,143/143,210/210,426/426,333/335,165/165,256/264,328/346,267/267
WM,S18T3,575058,3149563,41.2,109,136/136,506/506,270/270,110/110,302/302,143/143,210/210,426/426,333/335,165/165,256/264,328/346,267/267
WM,S18T5,575125,3149579,16.2,47,136/136,506/508,270/270,110/110,298/298,143/143,208/212,428/428,333/345,165/165,256/264,328/336,245/245
WM,S18T6,575129,3149531,17.4,51,136/136,506/508,270/270,110/110,298/302,143/143,208/212,426/428,335/345,149/165,266/266,328/334,251/267
WM,S18T7,575141,3149536,22.9,59,136/136,506/510,270/270,110/110,298/302,143/143,196/198,418/426,335/345,165/165,268/268,336/346,245/267
WM,S18T10,575163,3149489,15.6,42,136/136,506/506,270/270,110/112,302/302,143/143,208/210,418/426,333/333,165/165,258/266,328/328,245/267
WM,S19T8,575258,3149459,22.6,60,136/136,506/508,270/286,110/110,298/302,143/143,210/212,418/428,333/335,165/165,256/264,328/346,267/267
WM,S20T1,575301,3149402,28.3,73,136/136,506/510,270/270,110/120,298/298,143/143,208/208,422/428,335/335,149/165,256/262,336/346,245/267
WM,S20T3,575321,3149399,43.5,118,136/136,506/506,270/270,110/112,298/302,143/143,208/208,426/428,333/335,165/165,258/258,328/328,267/267
WM,S20T4,575314,3149378,24.8,68,136/136,506/510,270/286,112/122,298/302,143/143,198/208,426/428,333/335,165/165,268/268,328/336,245/249
WM,S20T5,575329,3149304,28.3,78,136/136,506/508,270/270,110/118,298/302,143/143,210/210,428/428,333/333,165/165,248/266,328/340,245/249
WM,S20T7,575347,3149353,15.6,42,136/136,506/506,270/270,110/110,298/302,143/143,210/210,422/428,333/333,165/165,268/268,334/340,249/251
WM,S20T10,575372,3149372,35.8,96,136/136,506/510,270/270,110/110,298/298,143/143,198/210,428/428,335/335,165/165,268/268,328/336,245/249
WM,S20T12,575450,3149396,80.9,215,136/136,506/510,270/270,110/110,302/302,143/143,210/210,418/422,335/335,165/165,256/256,336/336,267/267
WM,S20T14,575463,3149376,15,43,136/136,506/506,270/270,110/122,298/298,143/143,196/212,428/428,333/345,165/165,256/256,328/336,245/245
WM,S20T15,575473,3149363,75.1,191,136/136,506/508,270/270,110/110,302/302,143/143,210/210,422/428,335/335,165/165,268/268,336/336,267/267
WM,S20T17,575454,3149430,51.9,131,136/136,510/510,270/270,110/110,298/298,143/143,196/208,428/428,335/335,165/165,268/268,328/346,245/245
WM,S21T2,575504,3149429,13.7,40,136/136,506/510,270/270,110/122,302/302,143/143,208/212,426/426,335/335,165/165,264/264,336/346,249/267
WM,S21T3,575509,3149419,19.4,50,136/136,506/506,270/270,110/110,298/298,143/143,198/210,428/430,333/335,165/165,268/268,328/328,245/267
WM,S21T5,575540,3149399,38.6,102,136/136,506/506,270/270,110/110,298/302,143/143,208/208,418/426,335/335,165/165,258/258,336/346,245/267
WM,S21T6,575552,3149430,25.8,68,136/136,510/510,270/270,110/122,298/302,143/143,208/212,426/426,345/347,165/165,268/268,328/336,245/249
WM,S21T7,575555,3149413,24.2,67,136/136,506/506,270/270,110/122,302/302,143/143,198/210,426/426,333/335,165/165,256/264,328/328,245/267
WM,S21T9,575567,3149432,18.3,52,136/136,506/506,270/276,110/122,298/302,143/143,210/212,414/428,333/335,165/165,244/266,328/334,245/245
WM,S21T12,575582,3149381,23.2,61,136/136,506/510,270/270,110/122,302/302,143/143,208/212,426/426,335/335,165/165,264/264,336/346,249/267
WM,S22T3,575628,3149299,20.7,188,136/136,506/506,270/270,110/122,298/302,143/143,208/212,426/426,335/335,165/165,266/266,328/346,255/275
WM,S22T4,575675,3149210,48.5,129,136/136,506/508,270/270,110/110,298/302,143/143,208/210,418/426,333/335,165/165,268/268,328/336,245/267
WM,S22T7,575682,3149214,41.4,112,136/136,506/506,270/270,98/110,298/302,143/143,198/212,414/414,335/335,165/165,268/268,336/346,267/267
WM,S23T1,575720,3149234,62.8,164,136/136,506/506,270/270,110/110,298/302,143/143,198/208,428/428,333/335,165/165,256/256,328/336,267/267
WM,S23T2,575723,3149220,56.4,149,136/136,506/506,270/270,110/112,298/298,143/143,198/208,426/428,335/351,149/165,256/256,328/328,267/267
WM,S23T9,575761,3149213,17.8,50,136/136,508/510,270/270,110/110,302/302,143/143,208/210,418/422,335/335,165/165,268/268,328/328,245/251
WM,S23T11,575784,3149216,26.8,76,136/136,506/506,270/270,110/112,298/298,143/143,198/208,414/428,333/335,165/165,256/256,328/328,245/267
WM,S23T12,575787,3149214,20.7,57,136/136,506/506,270/270,110/110,298/298,143/143,208/208,414/428,335/335,165/165,256/256,328/334,245/245
WM,S23T14,575822,3149208,85.8,252,136/136,506/508,270/270,110/110,302/302,143/143,198/208,418/428,333/351,149/165,248/262,328/336,249/267
WM,S23T18,575848,3149211,76,196,136/136,506/510,270/270,110/122,298/302,143/143,210/212,426/428,335/351,165/165,268/268,328/346,255/267
WM,S23T20,575870,3149203,76.9,199,136/136,506/510,270/270,110/122,298/298,143/143,208/210,426/428,335/335,165/165,266/266,328/346,267/267
WM,S24T1,575864,3149226,72.4,227,136/136,506/506,270/270,110/110,298/298,143/143,196/208,426/426,335/335,165/165,256/256,336/346,267/267
WM,S24T2,575868,3149226,13.4,40,136/136,506/510,270/270,110/110,298/298,143/143,208/210,418/418,335/335,165/165,268/268,336/336,245/245
WM,S24T4,575888,3149262,35.2,89,136/136,506/506,270/270,110/110,298/302,143/143,208/210,418/418,335/335,165/165,268/268,336/336,245/267
WM,S24T6,575897,3149264,24.3,57,136/136,506/508,270/270,110/110,298/302,143/143,200/208,418/428,335/345,165/165,256/264,328/336,245/267
WM,S24T8,575909,3149270,34.5,58,136/136,506/506,270/270,110/110,302/302,143/143,208/208,426/428,345/345,165/165,268/268,336/346,245/267
WM,S24T9,575908,3149274,18.5,46,136/136,506/506,270/270,110/110,298/298,143/143,208/210,428/428,335/345,163/165,268/268,328/336,245/267
WM,S24T10,575905,3149277,20.7,57,136/136,506/506,270/270,110/110,298/302,143/143,208/210,418/428,335/345,165/165,268/268,336/346,267/267
WM,S24T11,575916,3149296,18.3,48,136/136,506/506,270/270,110/112,298/302,143/143,208/210,426/428,335/335,165/165,256/264,328/336,235/245
WM,S24T12,575914,3149296,21,62,136/136,506/506,270/270,110/110,298/302,143/143,208/210,426/428,333/335,165/165,258/258,336/336,245/267
WM,S24T14,575916,3149299,21.6,49,136/136,506/506,270/270,110/110,302/302,143/143,196/210,428/428,345/347,163/165,268/268,328/334,251/251
WA,S25T1,560888,3174508,35.6,97,136/136,506/508,268/270,98/110,298/302,143/143,196/208,414/428,335/345,165/165,248/256,334/334,249/249
WA,S25T2,560888,3174499,19.4,65,136/136,508/508,270/270,98/110,302/302,143/143,196/210,418/424,335/335,165/165,250/266,334/334,249/251
WA,S25T3,560932,3174467,14.7,42,136/136,506/508,270/270,110/112,302/302,143/143,212/212,426/428,335/345,141/165,266/266,328/340,255/255
WA,S25T4,560910,3174405,20.6,55,136/136,506/506,270/270,110/112,302/302,143/143,196/210,426/428,345/347,161/165,256/256,334/340,255/255
WA,S25T5,560998,3174403,17.1,63,136/136,506/506,286/286,110/122,302/302,143/143,208/210,420/428,347/347,163/165,268/268,334/346,235/249
WA,S25T6,561023,3174368,14.1,56,136/136,506/506,270/270,110/110,302/302,143/143,196/210,428/428,335/347,161/165,256/256,328/334,249/255
WA,S25T7,561051,3174370,23.4,84,136/136,506/508,NA,112/122,302/302,143/143,196/208,428/428,335/345,149/165,266/266,336/342,235/255
WA,S25T8,561068,3174352,15,44,136/136,506/510,270/270,110/122,298/302,143/143,196/208,414/428,333/335,149/149,264/264,336/340,235/245
WA,S25T9,561091,3174313,22,96,136/136,502/508,270/270,110/122,298/302,143/143,196/208,428/428,345/345,165/165,268/268,328/336,255/255
WA,S25T10,561109,3174309,16.7,46,136/136,506/506,270/270,110/110,298/302,143/143,196/208,420/428,345/345,165/165,256/268,328/334,249/255
WA,S25T11,561088,3174278,12,37,136/136,506/506,270/270,110/122,302/302,143/143,208/210,418/428,333/335,165/165,268/268,336/336,245/245
WA,S25T12,561081,3174290,21.8,70,136/136,506/506,270/270,110/110,298/304,143/143,196/208,420/428,345/345,165/165,268/268,328/334,249/255
WA,S25T13,561078,3174290,17.4,40,136/136,506/506,270/270,110/122,298/302,143/143,196/208,428/428,335/347,165/165,268/268,334/336,251/255
WA,S25T14,561079,3174258,17.6,56,136/136,506/506,270/270,110/110,298/302,143/143,196/210,428/428,335/345,163/165,268/268,328/334,251/251
WA,S25T16,561108,3174239,17.4,47,136/136,506/510,270/270,110/122,298/298,143/143,208/210,426/428,345/345,163/165,266/266,336/340,249/255
WA,S26T1,560921,3174309,16.6,45,136/136,506/506,270/270,122/122,302/302,143/143,196/208,428/428,345/347,165/165,256/266,328/336,251/255
WA,S26T3,560839,3174417,21.4,45,136/136,508/508,270/270,98/110,298/302,143/143,198/200,414/428,345/347,161/165,266/268,334/336,249/251
WA,S26T4,560843,3174448,19.2,48,136/136,508/508,NA,98/110,298/302,143/143,196/210,424/428,335/345,165/165,266/266,334/334,249/251
WA,S26T5,560824,3174385,23.1,52,136/136,506/508,270/270,110/122,302/302,143/143,196/196,420/428,345/345,165/165,256/266,340/340,235/251
WA,S26T6,560818,3174381,15.9,46,136/136,508/508,270/270,110/110,302/302,143/143,196/208,426/428,345/345,165/165,256/256,336/340,235/249
WA,S26T8,560739,3174298,56.1,176,136/136,506/506,270/270,110/122,302/302,143/143,208/212,424/428,335/335,165/165,256/256,334/340,249/251
WA,S26T9,560734,3174284,67.9,189,136/136,506/508,270/270,110/110,302/302,143/143,198/210,428/428,345/347,163/165,256/256,328/336,251/255
WA,S26T10,560722,3174256,27.2,63,136/136,506/508,270/270,110/122,298/302,143/143,196/210,428/428,345/345,165/165,256/256,328/336,255/255
WA,S26T12,560836,3174098,20.7,59,136/136,508/508,270/270,110/110,302/302,143/143,196/208,426/428,345/345,165/165,256/256,336/340,235/249
WA,S26T14,560893,3174074,17.2,32,136/136,506/508,270/270,110/122,302/302,143/143,196/196,426/428,345/345,165/165,256/256,328/340,249/255
WA,S27T1,560725,3174486,41.3,111,136/136,506/508,270/270,98/110,302/302,143/143,196/210,420/426,335/335,161/165,256/256,336/340,235/255
WA,S27T2,560707,3174526,14.7,64,136/136,506/506,NA,122/122,302/302,143/143,196/208,426/428,335/345,165/165,256/256,328/334,251/255
WA,S27T3,560703,3174533,25.9,74,136/136,506/506,286/286,122/122,302/302,143/143,196/196,428/428,345/345,165/165,266/266,328/334,251/251
WA,S27T4,560785,3174715,34.1,85,136/136,506/508,270/270,112/112,302/302,143/143,208/210,420/424,333/347,149/161,256/256,328/342,235/255
WF,S28T1,562869,3175790,22.1,57,136/136,506/508,270/270,112/118,302/302,143/143,198/210,418/424,335/347,161/165,268/268,328/336,235/255
WF,S28T2,562864,3175805,19.4,80,136/136,506/506,270/270,112/118,302/302,143/143,198/208,424/428,335/347,165/165,268/268,334/336,235/251
WF,S28T3_N,562876,3175796,1.4,4,136/136,506/508,270/270,110/110,302/302,143/143,198/210,414/424,335/335,149/161,256/256,336/340,235/251
WF,S28T4,562866,3175803,21.6,59,136/136,506/506,270/270,110/112,302/302,143/143,198/210,424/424,335/335,161/165,268/268,328/336,255/255
WF,S28T5,562861,3175807,38.3,50,136/136,506/510,270/270,110/110,302/302,143/143,198/208,422/428,335/335,149/161,268/268,334/336,249/255
WF,S28T6,562860,3175809,52.6,119,136/136,506/510,276/276,110/118,302/302,143/143,208/208,424/426,345/345,149/165,258/258,328/336,235/251
WF,S28T7,562847,3175859,47.4,146,136/136,506/506,270/270,110/112,298/302,143/143,208/212,422/424,335/347,149/161,256/256,312/336,237/255
WF,S28T8,562849,3175849,14.3,126,136/136,506/508,NA,110/112,302/302,143/143,208/210,428/428,333/345,165/165,256/256,336/340,249/249
WF,S28T9,562839,3175864,7.3,42,136/136,506/508,270/270,110/110,298/302,143/143,210/210,428/428,335/347,149/165,250/250,340/340,249/251
WF,S28T10,562847,3175848,9.2,51,136/136,508/508,270/270,110/112,302/302,143/143,208/210,418/428,333/347,149/165,256/256,340/340,235/249
WF,S28T11,562846,3175852,10.8,34,136/136,506/506,276/276,110/110,302/302,143/143,208/208,420/428,339/339,165/165,268/268,328/328,249/267
WF,S28T12,562848,3175862,11.3,35,136/136,506/506,270/270,112/118,302/302,143/143,198/208,424/428,335/347,165/165,266/266,334/336,235/251
WF,S28T13,562849,3175866,18.7,59,136/136,506/506,286/286,112/112,302/302,143/143,198/210,424/428,333/345,165/165,256/256,336/346,249/249
WF,S28T14,562850,3175867,14.5,51,136/136,506/508,270/270,112/118,302/302,143/143,210/210,424/428,345/347,149/165,246/256,334/346,251/251
WF,S28T15,562840,3175872,18.3,48,136/136,506/506,270/270,110/110,302/302,143/143,210/210,422/424,335/347,161/165,256/256,340/340,235/255
WF,S28T16,562820,3175884,14.1,56,136/136,506/506,270/270,110/118,302/302,143/143,208/208,418/426,335/347,149/165,266/266,336/340,235/255
WF,S28T17,562822,3175877,15,41,136/136,506/506,270/270,110/118,302/302,143/143,208/210,426/426,335/345,149/149,266/266,334/342,235/251
WF,S28T18,562827,3175891,16,30,136/136,506/506,270/270,110/110,302/302,143/143,198/208,414/426,335/335,149/165,268/268,336/340,235/251
WF,S28T19,562826,3175896,13.3,52,136/136,506/506,270/270,110/110,302/302,143/143,208/210,418/420,339/339,165/165,268/268,342/342,235/249
WF,S28T20,562829,3175895,19.8,43,136/136,506/506,270/270,110/110,302/302,143/143,208/208,414/420,341/343,149/149,250/256,334/342,235/251
WF,S28T21,562832,3175900,21.3,42,136/136,506/506,270/270,110/110,302/302,143/143,210/210,422/424,335/335,165/165,268/268,328/328,235/255
WF,S28T22,562839,3175900,26.3,66,136/136,506/506,286/286,112/120,302/302,143/143,198/210,424/426,335/335,161/165,268/268,328/340,249/255
WF,S28T23,562839,3175904,11.3,30,136/136,506/506,270/270,112/124,302/302,143/143,210/210,422/424,333/345,165/165,256/256,336/346,251/255
WF,S28T25,562831,3175926,14.3,30,136/136,506/506,NA,110/112,302/302,143/143,210/210,424/426,333/345,149/165,266/266,334/346,251/251
WF,S28T26,562833,3175928,15.6,41,136/136,506/506,270/270,110/110,302/302,143/143,198/210,414/424,343/345,149/165,266/266,336/346,235/251
WF,S28T27,562846,3175953,10.5,31,136/136,506/510,NA,112/122,298/302,143/143,208/208,414/428,335/347,149/165,256/256,328/334,235/255
WF,S28T28,562837,3175956,10.8,31,136/136,506/506,270/270,110/110,298/302,143/143,208/210,424/428,335/335,165/165,268/268,328/340,251/255
WF,S28T29,562828,3175961,12.2,43,136/136,506/506,270/270,110/110,302/302,143/143,198/212,420/428,333/347,165/165,268/268,342/346,245/249
WF,S28T30,562826,3175968,1.1,3,136/136,506/506,270/270,110/110,302/302,143/143,210/212,424/428,333/333,165/165,268/268,328/346,249/251
WF,S28T31,562826,3175989,11.3,33,136/136,506/506,270/270,110/110,302/302,143/143,198/210,424/428,333/345,165/165,248/256,336/346,249/249
WF,S28T32,562827,3175990,8.9,27,136/136,506/506,270/270,110/110,302/302,143/143,210/210,424/426,333/345,165/165,256/256,334/336,235/251
WF,S28T33,561582,3175340,22.3,62,136/136,506/508,270/270,110/122,302/302,143/143,198/208,420/420,333/347,149/149,256/256,334/336,255/255
WF,S29T5,562881,3175823,19,55,136/136,506/506,270/270,110/118,302/302,143/143,198/210,414/422,335/345,149/165,256/256,328/336,245/251
WF,S30T1,562882,3175797,18.8,57,136/136,506/506,270/270,110/110,302/302,143/143,208/208,424/428,333/347,149/161,256/256,328/336,251/255
WF,S30T2,562970,3175750,42.1,77,136/136,506/508,NA,110/112,302/302,143/143,198/208,428/428,335/335,149/165,256/256,334/336,251/251
WF,S30T3,562971,3175765,16.3,72,136/136,506/506,270/286,110/110,298/302,143/143,198/208,428/428,335/335,149/165,268/268,334/340,251/255
WF,S31T1,563038,3175739,40.3,107,136/136,510/510,270/284,110/122,298/302,143/143,198/208,418/428,335/347,165/165,256/268,328/328,249/267
WF,S31T2,563070,3175732,42.5,116,136/136,506/508,270/270,110/122,298/302,143/143,198/210,424/428,335/335,149/163,252/256,328/346,235/255
WF,S31T4,563100,3175719,36.7,174,136/136,506/506,286/286,110/118,302/302,143/143,208/208,422/428,335/345,165/165,268/268,328/336,235/249
WZ,S32T1,626386,3170610,90.2,386,136/136,506/508,NA,110/112,302/302,143/143,198/210,424/428,335/335,165/165,266/266,328/346,235/251
WZ,S32T2,626402,3170634,30,133,136/138,508/508,NA,110/118,302/302,143/143,208/208,414/428,335/335,149/165,256/264,332/342,249/251
WZ,S32T3,626438,3170657,17.6,75,136/136,506/506,270/270,110/110,302/302,143/143,198/208,424/428,335/335,149/163,256/256,328/346,235/235
WZ,S32T5,626490,3170704,14.6,39,136/138,508/508,270/270,110/120,302/302,143/143,208/208,428/428,341/345,149/159,264/264,342/342,251/257
WZ,S32T8,626546,3170768,23.8,69,136/136,504/508,270/270,110/120,302/302,143/143,182/208,428/428,333/339,149/149,256/264,328/342,251/251
WZ,S32T9,626546,3170767,9.8,30,136/138,508/510,270/270,110/110,302/302,143/143,210/210,422/424,335/339,149/163,264/264,342/342,249/249
WZ,S32T10,626548,3170767,11.9,39,138/138,508/508,NA,102/102,302/302,143/143,208/208,428/428,335/339,149/163,258/258,342/342,249/251
WZ,S33T2,626548,3170836,26.7,72,136/136,506/510,270/270,110/120,298/302,143/143,198/212,428/428,333/339,165/165,256/266,328/336,245/251
WZ,S33T6,626561,3170806,25.2,93,136/138,508/510,246/276,102/110,302/302,143/143,208/208,428/428,335/339,149/163,256/264,342/344,249/251
WZ,S33T7_N,626562,3170809,1.2,3,136/136,508/508,270/270,110/110,302/302,143/143,208/208,428/428,335/339,149/149,256/264,328/342,251/251
WZ,S33T8,626540,3170809,34,275,136/138,508/510,270/270,110/110,302/302,143/143,208/208,428/428,335/335,149/163,256/266,328/342,249/251
WZ,S33T9_N,626554,3170808,0.6,3,138/138,508/508,NA,102/110,302/302,143/143,208/208,428/428,335/339,149/163,256/264,342/342,251/251
WZ,S33T10,626577,3170788,84.9,356,138/138,508/510,276/276,102/102,302/302,143/143,208/208,428/428,333/339,149/149,256/256,342/342,251/257
WZ,S33T12,626547,3170780,32.6,163,136/138,508/508,270/270,102/110,302/302,143/143,208/208,428/428,335/339,149/163,256/264,342/342,249/251
WZ,S33T20,626559,3170813,20.4,50,136/136,506/510,270/270,110/122,298/298,143/143,208/210,426/428,335/335,165/165,268/268,328/346,267/267
WZ,S34T1,626627,3170767,33,86,136/136,508/508,270/270,110/110,298/302,143/143,208/208,428/428,333/339,149/163,256/264,342/342,249/251
WZ,S34T4,626694,3170874,60.2,153,136/138,508/508,270/270,102/110,302/302,143/143,208/208,428/428,335/339,149/163,256/264,342/342,251/251
WZ,S34T5,626716,3170861,52.2,134,136/136,508/508,270/270,110/110,302/302,143/143,208/208,428/428,339/339,159/161,268/268,336/342,251/251
WZ,S34T6,626717,3170857,35.1,97,136/138,508/508,270/270,110/110,298/302,143/143,208/208,418/428,339/339,149/163,256/264,342/344,249/251
WZ,S34T7,626728,3170868,53,150,136/138,508/508,270/270,110/110,298/302,143/143,208/208,418/428,339/345,149/163,258/266,342/344,249/251
WZ,S34T11,626875,3170969,13.4,40,136/136,508/508,NA,110/110,302/302,143/143,208/208,428/428,335/339,149/163,264/264,342/342,249/251
WZ,S35T1,626960,3171114,46.3,127,136/138,508/510,270/270,104/110,302/302,143/143,208/208,428/428,335/339,159/163,252/252,342/342,257/257
WZ,S35T2,627035,3171319,42.9,116,138/138,508/510,270/284,110/110,298/302,143/143,208/208,428/428,335/335,149/149,256/266,328/342,249/251
WZ,S36T1,627185,3171467,63.3,178,138/138,508/510,270/270,102/110,302/302,143/143,208/208,428/428,335/339,149/163,256/264,342/342,251/257
WZ,S36T2,627216,3171483,1.3,3,136/138,508/508,270/270,102/110,302/302,143/143,208/208,428/428,335/339,149/149,250/256,342/342,251/251
WZ,S36T4,627231,3171494,60.2,156,138/138,508/508,238/238,102/110,298/302,143/143,208/208,418/428,339/339,163/163,256/264,328/342,251/257
WZ,S36T5,627226,3171501,73.7,189,136/136,510/510,270/270,110/110,302/302,143/143,208/216,428/428,335/335,163/165,256/256,342/342,249/251
WZ,S36T6,627226,3171502,65.1,187,136/136,508/508,270/270,110/110,302/302,143/143,208/208,414/428,335/339,149/163,256/256,342/342,245/251
WZ,S36T7,627218,3171517,31.7,98,136/138,508/510,270/270,102/110,298/302,143/143,208/216,418/428,331/339,149/163,266/266,328/342,249/257
WZ,S36T8,627223,3171514,51.5,146,138/138,508/508,270/270,110/110,302/302,143/143,208/216,414/428,335/345,163/165,268/268,328/342,249/251
WZ,S36T9,627228,3171517,101.5,260,136/138,508/510,270/270,110/110,302/302,143/143,208/208,428/428,335/335,149/163,256/256,342/342,251/257
WZ,S36T10,627216,3171518,1.2,3,136/138,508/508,270/270,110/110,302/302,143/143,190/208,428/428,339/345,149/163,256/256,342/342,251/257
WZ,S36T11,627217,3171518,25,150,138/138,508/508,270/286,110/110,298/302,143/143,208/208,418/428,335/339,149/149,256/266,342/342,245/251
WZ,S36T12,627221,3171526,56.1,193,136/136,508/510,270/270,102/110,298/302,143/143,208/208,418/428,335/339,163/163,256/266,328/342,249/257
WZ,S36T13,627219,3171525,25.9,69,136/136,508/508,270/270,110/110,302/302,143/143,208/208,428/428,343/343,149/149,258/264,342/342,249/249
WZ,S36T14,627215,3171518,29.4,81,138/138,508/510,270/270,110/110,298/302,143/143,208/216,428/428,333/339,149/163,256/256,328/342,249/257
WZ,S36T15,627201,3171524,29.6,87,136/136,508/508,270/270,110/110,302/302,143/143,208/208,414/428,335/335,149/163,250/256,342/342,245/251
WZ,S37T1,627244,3171526,82.5,222,136/138,508/508,270/270,110/122,302/302,143/143,208/208,418/428,335/339,163/163,256/256,342/342,251/251
WZ,S37T2,627255,3171528,61.3,134,136/136,506/506,270/270,110/122,302/302,143/143,210/210,426/428,333/335,165/165,256/266,336/340,249/267
WZ,S37T3,627231,3171544,1.3,3,136/136,508/510,270/286,102/110,298/302,143/143,208/208,420/428,339/339,149/163,246/256,328/344,249/257
WZ,S37T4,627254,3171565,44.1,96,136/138,510/510,270/270,110/110,298/302,143/143,208/208,428/428,335/339,149/163,256/264,328/342,249/257
WZ,S37T5,627276,3171557,59,243,136/138,506/510,270/270,110/110,302/302,143/143,208/208,428/428,335/335,149/149,246/256,342/342,249/257
WZ,S37T7,627282,3171565,62.2,151,136/136,506/508,270/270,110/110,302/302,143/143,208/216,420/428,339/339,149/165,256/266,342/344,249/257
WZ,S37T8,627284,3171562,22,58,136/138,508/508,270/270,110/110,302/302,143/143,208/214,428/428,335/335,163/165,248/256,328/342,249/249
WZ,S37T9,627276,3171573,18.1,52,136/138,508/510,270/270,110/110,298/298,143/143,208/216,428/428,335/335,149/149,262/262,328/342,249/251
WZ,S37T11,627273,3171584,21.3,55,136/138,508/510,NA,102/110,298/298,143/143,208/216,418/428,339/345,149/149,256/264,328/342,249/249
WZ,S38T1,627313,3171614,31.9,82,136/138,508/508,270/270,110/110,298/302,143/143,208/208,428/428,335/339,149/159,256/256,342/342,249/251
WZ,S38T3,627360,3171595,46.8,120,136/138,508/510,270/270,110/110,302/302,143/143,208/208,428/428,333/345,149/165,248/266,328/328,249/249
WZ,S38T4_N,627397,3171780,1.1,3,136/136,508/508,270/270,104/112,302/302,143/143,208/216,428/428,335/335,149/163,256/256,342/342,249/251
WZ,S38T5,627360,3171634,41,105,136/138,510/510,270/270,110/112,302/302,143/143,208/208,428/428,335/339,149/165,250/264,328/342,249/251
WZ,S39T1_N,627400,3171601,1.3,3,138/138,508/510,270/270,110/110,300/302,143/143,208/216,428/428,339/339,149/165,250/256,328/342,249/257
WZ,S39T2,627434,3171599,44.8,116,136/138,508/508,270/270,110/110,302/302,143/143,208/208,418/428,333/339,149/163,256/258,342/342,249/251
WZ,S39T3,627458,3171596,77,202,136/138,508/510,270/286,102/110,298/302,143/143,208/208,418/428,339/339,149/163,256/256,342/342,249/257
WZ,S39T4,627455,3171603,60.5,288,136/136,508/510,270/270,110/110,302/302,143/143,208/208,428/428,335/339,165/165,248/256,342/342,251/251
WZ,S39T5,627462,3171618,47.4,131,136/138,508/508,270/270,110/110,302/302,143/143,208/208,420/428,345/373,149/165,246/256,342/342,251/251
WZ,S39T6,627463,3171623,27.5,75,136/138,508/508,270/270,110/110,302/302,143/143,208/208,428/428,335/335,149/149,250/264,344/344,249/251
WZ,S40T1,627714,3171337,31.2,100,136/138,508/510,270/270,110/110,298/302,143/143,208/208,418/428,339/339,149/149,256/256,342/342,251/257
WZ,S41T1,633129,3170736,48.1,173,136/138,508/508,270/270,110/118,302/302,143/143,208/208,414/428,335/339,163/165,256/256,342/344,251/251
